1.name;Chlapec z farmy
1.text;
2.name;Lukostřelec z Vršku
2.text;{ranged_attack}
3.name;Sylandský válečník
3.text;
4.name;Sylandský jezdec
4.text;{gift} - Dá jiné spojenecké bytosti pro tento tah schopnost {charge|3}.
9.name;Říšský inženýr
9.text;{gift} - Aktivuje všechny produkce spojeneckých jednotek.
10.name;Udržte linii!
10.text;Přidá do vaší ruky dvě <b>Říšské stráže</b> (2/3) se schopností {taunt}.
11.name;Chodící pevnost
11.text;
12.name;Parní kovárna
12.text;{production} - Přidá náhodné spojenecké bytosti +1/+0.
13.name;Výběrčí daní
13.text;{combat} - Získáte {faeria|1}.
14.name;Léčivá píseň
14.text;Líznete si kartu a získáte 5 životů.
15.name;Ochranná ruka
15.text;Přidá bytosti schopnost {protection}.
16.name;Říšská stráž
16.text;{taunt}\n{last_words} - Získáte 2 životy.
22.name;Bojovník za svobodu
22.text;{haste}
23.name;Táborák
23.text;Přidá bytosti +1/+1.
24.name;Sokolí nálet
24.text;Udělí zvolené bytosti 1 poškození.
29.name;Mistr šermíř
29.text;Zatímco je ve hře nebo vaší ruce má během vašeho tahu +2/+0.
30.name;Stepní jak
30.text;
32.name;Útok jaků
32.text;Přivolá tři <b>Zuřivé jaky</b> (2/2) a přidá jim schopnost {haste}.
33.name;Trest
33.text;Udělí bytosti 2 poškození. Pokud je to neutrální bytost, udělí 5.
34.name;Královnin oblíbenec
34.text;{protection}
35.name;Královnina stráž
35.text;{taunt}\n{combat} - Získáte {faeria|1}.
36.name;Magda, královna Merovalu
36.text;Vaše Legendy stojí o {faeria|1} méně.\n{production} - Přidá do vaší ruky náhodnou Legendu. Takto získaná Legenda bude {wild}.
37.name;Dvorní šašek
37.text;{taunt}\n{gift} - Náhodná bytost ve vaší ruce získá +2/+2.
38.name;Králova stráž
38.text;{taunt}\n{combat} - Líznete si kartu.
39.name;Nepravděpodobný hrdina
39.text;Získá +3/+3 a vlastnost {charge|2}, pokud přežije svůj první souboj.
40.name;Magnus, král Merovalu
40.text;{charge|3}\n{combat} - Líznete si kartu. Získaná karta stojí {faeria|0}.
41.name;Moronoš
41.text;{last_words} - Udělí VŠEM bytostem 2 poškození.
42.name;Obléhací stroj
42.text;{ranged_attack}\nPo svém útoku získá +1/+0.
43.name;Sharra, drakobijka
43.text;Sharra ignoruje veškeré poškození rovné 4 či více.
44.name;Hladomor
44.text;Udělí VŠEM bytostem 1 poškození.
45.name;Královský soudce
45.text;{options|Líznete si Ochrannou ruku zdarma|Líznete si Trest zdarma.}\n- Přidá do vaší ruky kartu <b>Ochranná ruka</b>. Získaná karta stojí {faeria|0}.\n- Přidá do vaší ruky kartu <b>Trest</b>. Získaná karta stojí {faeria|0}.
46.name;Kartograf
46.text;{last_words} - Přidá do vaší ruky kartu <b>Průzkum</b>.
47.name;Třpytivá socha
47.text;{taunt}\n{production} - Vylečte si 1 život.
48.name;Vesnický stařec
48.text;{last_words} - Líznete si kartu.
49.name;Vypravěč
49.text;{gift} - Každý hráč si lízne 2 karty a získá 2 životy.
50.name;Potulný mnich
50.text;Získá +1/+0, kdykoliv si líznete kartu.
51.name;Parní vymahač
51.text;
52.name;Králův věrný
52.text;{protection}
53.name;Den Draků
53.text;Přidá do vaší ruky 4 <b>Draky</b>. Každá z těchto karet stojí o {faeria|3} méně a je {wild}.
54.name;Troufalý dobrodruh
54.text;{gift} - Za každou přilehlou nepřátelskou bytost získá +2/+2.
55.name;Muž s palicí
55.text;
56.name;Baron Thulgar
56.text;{last_words} - Každý hráč si lízne kartu. Získaná karta stojí {faeria|0}.
57.name;Moudrost
57.text;Líznete si 2 karty.
58.name;Válečný jak
58.text;Má +2/+0, pokud má váš protivník 10 životů nebo méně.
59.name;Obránce domoviny
59.text;{taunt}\n{gift} - Pokud jste byli minulý tah napadeni, přivolá dalšího <b>Obránce domoviny</b>.
60.name;Královnin vrah
60.text;{deathtouch}
61.name;Lovený psanec
61.text;{last_words} - Váš protivník si lízne kartu a získá {faeria|2}.
62.name;Lovec štěstěny
62.text;Když sklidí faerii, získá náhodná spojenecká bytost +1/+1.
63.name;Hraničář z daleka
63.text;{gift} - Přidá do vaší ruky kartu <b>Táborák</b>.
64.name;Říšské čerpadlo
64.text;Studny faerie jsou prázdné.\n{production} - Udělí této budově 1 poškození.\n{last_words} - Doplňte studny faerie.
65.name;Průzkumník pralesa
65.text;Pokud ovládáte alespoň 2 jezera, má +1/+1. Pokud alespoň 2 lesy, má +0/+2.
66.name;Průzkumník kaldery
66.text;Pokud ovládáte alespoň 2 jezera, má +1/+1. Pokud alespoň 2 hory, má +2/+0.
67.name;Průzkumník oázy
67.text;Pokud ovládáte alespoň 2 jezera, má +1/+1. Pokud alespoň 2 pouště, má +1/+1.
68.name;Průzkumník tajgy
68.text;Pokud ovládáte alespoň 2 hory, má +2/+0. Pokud alespoň 2 lesy, má +0/+2.
69.name;Průzkumník savany
69.text;Pokud ovládáte alespoň 2 pouště, má +1/+1. Pokud alespoň 2 lesy, má +0/+2.
70.name;Průzkumník pískovce
70.text;Pokud ovládáte alespoň 2 hory, má +2/+0. Pokud alespoň 2 pouště, má +1/+1.
71.name;Rubínová rybka
71.text;{aquatic}
72.name;Zloděj pověstí
72.text;{options|Získá +2/+2|Líznete si 2 karty.}\n- Získá +2/+2.\n- Líznete si 2 karty.
73.name;Gabrijská nádrž
73.text;{production} - Získáte {faeria|3}. Udělí této budově 1 poškození.
74.name;Tyranax
74.text;
75.name;Gabrijská kouzelnice
75.text;{gift} - Útok jiné bytosti se stane rovný jejímu životu.
76.name;Gabrijský velitel
76.text;{aquatic}, {charge|3}\nPoprvé, kdy si líznete kartu se základní cenou {faeria|7} nebo vyšší, získá tato bytost vlastnost {flying} a +1/+1.
77.name;Gabrijský ochránce
77.text;{gift} - Přidá bytosti schopnost {protection}.
82.name;Pramenní mochi
82.text;{gift} - Další karta s původní cenou {faeria|7} nebo vyšší, kterou si líznete, stojí o {faeria|3} méně.
83.name;Tritonský válečník
83.text;{jump}
84.name;Mytická bestie
84.text;{gift} - Získá +2/+0 a vlastnost {jump}, je-li přivolána vedle nepřátelské studny.
85.name;Přízrak zrcadla
85.text;{gift} - Přemění další bytost na <b>Přízrak zrcadla</b> (5/5).
86.name;Tritonský šéfkuchař
86.text;{gift} - Přidá do vaší ruky kartu <b>Tritonská hostina</b>.
87.name;Ninjovská ropucha
87.text;{jump}, {haste}
88.name;Žabí kletba
88.text;Přemění bytost na <b>Žábu</b> (2/2) se schopností {jump}.
93.name;Gabrijské okouzlení
93.text;Útok bytosti se stane rovný jejímu životu.\nLíznete si kartu.
94.name;Aurořin výtvor
94.text;Přidá do vaší ruky kopii zvolené bytosti. Získaná karta stojí o {faeria|5} méně.
95.name;Temný stopař
95.text;Pokud jste v tomto tahu zahráli událost, stojí toto o {faeria|2} méně.
96.name;Vír kouzel
96.text;Přidá do vaší ruky 2 náhodné modré karty.
97.name;Gabrijský šlechtic
97.text;{gift} - Přivolá <b>Rubínovou rybku</b> (1/1, může být přivolána i na oceán).
102.name;Aurořin učeň
102.text;Kdykoliv zahrajete událost, tato bytost získá +1/+1.
103.name;Robustní krunýř
103.text;{aquatic}
104.name;Baeru, první vlna
104.text;{aquatic}\n{production} - Přemění všechny přilehlé pevniny na jezera.
105.name;Zplozenec bouře
105.text;{last_words} - Získáte {faeria|10}.
106.name;Pohádka staré želvy
106.text;Líznete si 3 karty. Všechny bytosti získané tímto způsobem stojí o {faeria|2} méně.
107.name;Vlnopádný kolos
107.text;Kdykoliv během hry z nepřátelské studny sklidíte faerii, sníží se cena této karty o {faeria|1} (maximálně na {faeria|4}.
108.name;Orosei, sen z hlubin
108.text;{flying}, {charge|2}\n{gift} - Přemění všechny vaše bytosti na bytosti o {faeria|2} dražší.
109.name;Vodní elementál
109.text;{jump}\n{gift} - Vytvoří jezero.
110.name;Křišťálová hedváběnka
110.text;{flying}\nPoprvé, když si líznete událost, získá tato bytost +2/+2 a {charge|2}.
111.name;Potopená věž
111.text;{activate} - Posuňte pevninu a udělte této budově 1 poškození.
112.name;Azurová bludička
112.text;Získá +1/+1, kdykoliv sklidíte faerii z nepřátelské studny.
113.name;Tritonská svatyně
113.text;Kdykoliv sklidíte faerii, tato budova získá +0/+1\n{activate} - Zničí tuto budovu a získáte tolik {faeria|1}, kolik má životů.
114.name;Aurořin sen
114.text;Lízejte si karty, dokud jich nemáte 9. Sníží cenu všech karet ve vaši ruce na {faeria|0}.
115.name;Kopiník vánice
115.text;{jump}\nKdykoliv zahrajete událost, získá tato bytost pro tento tah +2/+0 (maximálně +6/+0).
116.name;Luduan
116.text;Kdykoliv tato bytost sklidí faerii z nepřátelské studny, přidá náhodnou modrou kartu do vaší ruky. Získaná karta stojí o {faeria|2} méně.
117.name;Vejce divů
117.text;Vejce divů se stane kopií první bytosti (ne legendární), kterou si po jeho zahrání líznete.
118.name;Gabrijský archón
118.text;{charge|2}\nZíská +2/+2, pokud jste v této hře zahráli dvě karty se základní cenou minimálně {faeria|7}.
119.name;Tritonský potápěč
119.text;{aquatic}, {jump}
120.name;Změna proudu
120.text;{options|Posunout pevninu|Líznout kartu}\n- Posunete pevninu.\n- Líznete si kartu.
121.name;Prorok přílivu
121.text;{gift} - Dvakrát posune pevninu, na níž tato bytost stojí.
122.name;Ponižující vidina
122.text;Sníží základní útok a život bytosti na polovinu (zaokrouhleno dolů).
123.name;Davný hlasatel
123.text;{gift} - Další líznutá bytost s životem 5 nebo více vás stojí o {faeria|2} méně.
124.name;Tritonská hostina
124.text;Přidá bytosti +1/+1 a schopnost {jump}.
125.name;Aurora, tvůrce mýtů
125.text;{gift} - Změní hodnoty spřátelené bytosti na 6/6.
126.name;Vlnotvůrce
126.text;Na konci tahu vašeho protivníka nastaví faerii všech hráčů na {faeria|3}.
127.name;Nepovedený experiment
127.text;Další bytost, co zahrajete, stojí o {faeria|4} méně. Záhy však zemře.
128.name;Aurořina lest
128.text;Získáte vládu nad bytostí s útokem 2 nebo méně.
129.name;Bojové ropuchy
129.text;Přivolá dvě <b>Žáby</b> (2/2) se schopností {jump}.
130.name;Spadla z nebe
130.text;Získáte {faeria|12}.
131.name;Sagamský válečník
131.text;{dash|2}
132.name;Sběratel kostí
132.text;Získá +1/+1, kdykoliv vedle něho zemře bytost.
133.name;Duchovní Sagami
133.text;{last_words} - Přidá náhodné spojenecké bytosti +3/+5.
134.name;Sagamský vyvolávač háje
134.text;{gift} - Smíte teleportovat jinou spojeneckou bytost na les pod vaší nadvládou.
135.name;Pradávný pán bestií
135.text;Každá bytost s 5 a více životy, kterou vyvoláte, získá +1/+1.
136.name;Gaeina milost
136.text;Zvolená bytost získá +0/+3. Vylečte si 3 životy.
137.name;Tikijský náčelník
137.text;{gift} - Přidá bytosti schopnost {taunt}.
138.name;Květoskřítek
138.text;{last_words} - Přidá do vaší ruky náhodnou zelenou kartu. Získaná karta stojí o {faeria|3} méně.
139.name;Poustevník Starolesa
139.text;{last_words} - Náhodná spojenecká bytost získá +2/+4.
140.name;Tikijský správce
140.text;{gift} - Přidá bytosti +2/+2.
141.name;Tikijský dudák
141.text;{gift} - Přidá bytosti +0/+4.
142.name;Šamanský tanec
142.text;Přidá bytosti +0/+4 a schopnost {taunt}.
143.name;Tikijský totem
143.text;První bytost, kterou každý tah vyvoláte, získá +1/+1.
144.name;Posedlý Ursus
144.text;Kdykoliv je této bytosti uděleno poškození, její útok se zdvojnásobí.
149.name;Doubek
149.text;{last_words} - Přidá náhodné zelené bytosti ve vaší ruce +5/+5.
150.name;Thyrijský golem
150.text;
151.name;Rozsévač semen
151.text;{gift} - Na náhodném sousedním místě vytvoří les.
152.name;Stěna révy
152.text;{taunt}\n{last_words} - Vytvoří na náhodném místě les.
153.name;Grizzly z hlubin lesa
153.text;
154.name;Tikijský léčitel
154.text;{gift} - Vylečte si 5 životů.
155.name;Ruuninina svatyně
155.text;{gift} - Získáte {faeria|2}.\n{last_words} - Váš protivník získá {faeria|2}.
156.name;Otec dubů
156.text;{gift} - Má +0/+1 za každý les, který ovládáte.
157.name;Strom faerie
157.text;{production} - Tato budova získá +0/+1.\nPokud má 5 nebo více životů, je zničena a získáte {faeria|10}.
158.name;Živá vrba
158.text;{taunt}
159.name;Nárůst divočiny
159.text;Náhodně vytvoří les.
168.name;Prvotní kolos
168.text;Stojí o tolik {faeria|1} méně, kolik máte speciálních pevnin (minimum: {faeria|6}).
169.name;Tethra, duše větru
169.text;{flying}, {charge|2}\n{gift} - Přidá bytosti +5/+5.
170.name;Lesní elementál
170.text;{taunt}\n{gift} - Vytvoří les.
171.name;Květinová hedváběnka
171.text;{flying}\nZíská +1/+4, {taunt} a {charge|2}, jakmile si líznete první událost.
172.name;Zarostlá věž
172.text;{activate} - Přidá bytosti +1/+1. Udělí této budově 1 poškození.
173.name;Vždykvetoucí bludička
173.text;Kdykoliv vytvoříte les, získá tato bytost +1/+1.
174.name;Duch znovuzrození
174.text;Kdykoliv zemře přátelská bytost, přidá náhodné bytosti ve vaší ruce +1/+1.
175.name;Objetí Starolesa
175.text;Přidá bytosti +2/+4.
176.name;Ruuninin posel
176.text;{jump}\nKdykoliv zaútočí na boha, přidá do vaší ruky náhodnou zelenou bytost, a sníží její cenu o {faeria|2}.
177.name;Síla zeleně
177.text;
178.name;Ochránce háje
178.text;{taunt}
179.name;Tarum, lesní svět
179.text;{taunt}\n{last_words} - Zaplní svět lesy.
180.name;Plačící modla
180.text;Kdykoliv je vám uděleno poškození, ziskáte {faeria|1}
181.name;Zemětvorba
181.text;{options|Přemění jednu z vašich pevnin na les|Přemění jednu z vašich pevnin na jezero|Přemění jednu z vašich pevnin na horu|Přemění jednu z vašich pevnin na poušť} color.\nPřemění jednu z vašich pevnin na pevninu zvolené barvy a líznete si kartu.
182.name;Divoký mstitel
182.text;{taunt}, {dash|2}\nPokaždé, když v této hře utrpíte poškození, získá tato bytost +0/+1.
183.name;Dávný kanec
183.text;{dash|2}\nPokud máte bytost s životem 5 nebo více, stojí o {faeria|2} méně.
184.name;Ruuninino vedení
184.text;Přidá zvolené(mu):\n- bytosti: +2/+2\n- bohu: 5 životů
185.name;Hlas hladu
185.text;{gift} - Zničí všechny přilehlé spojenecké bytosti. Tato bytost získá životy A útok rovný součtu jejich životů.
186.name;Sazenice
186.text;{production} - Pokud má tato bytost méně než 5 životů, získá +1/+1.
187.name;Eredon, hlas všeho
187.text;{last_words} - Všechny bytosti ve vaší ruce a balíčku získají +1/+1.
188.name;Krmivo pro les
188.text;Zničte spojeneckou bytost a získejte faerii rovnou jejímu životu. Líznete si kartu.
189.name;Ruuninina přítomnost
189.text;Přidá do vaší ruky náhodnou zelenou bytost, která ihned získá +6/+6.
190.name;Ruunin, neúprosná
190.text;{dash|2}\n{last_words} - Na konci tahu se Ruunin vrátí do vaší ruky a získá +2/+2.
191.name;Zbojník z Podsvětí
191.text;{combat} - Získáte {faeria|2}.
192.name;Koboldí vojevůdce
192.text;{combat} - Přidá náhodné spojenecké bytosti +3/+0.
193.name;Koboldí válečná bestie
193.text;
194.name;Dar z oceli
194.text;Přidá zvolené bytosti +3/+0, případně +3/+3, pokud má tato bytost vlastnost <b>Combat</b>.
195.name;Šéf Podsvětí
195.text;{combat} - Získáte {faeria|2}.
196.name;Architekt
196.text;{gift} - Přidá vybrané budově +0/+2.
197.name;Povýšený zlobr
197.text;{gift} - Získá +2/+2, pokud má váš soupeř 10 nebo méně životů.
198.name;Koboldí kasárny
198.text;Všechny přilehlé spojenecké bytosti mají +2/+0.
199.name;Semeno nenávisti
199.text;Stojí o {faeria|1} méně za každou vaši vyvolanou bytost s větším útokem než životy.
200.name;Zlobří bojovník
200.text;{taunt}
201.name;Troufalý vyjednávač
201.text;{gift} - Náhodná karta ve vaší ruce stojí o {faeria|7} méně.
202.name;Seifer, krvavý tyran
202.text;Když Seifer zničí bytost, získá útok a život rovný původnímu útoku a životu dané bytosti.
203.name;Barbarský zlobr
203.text;
204.name;Krog, král zlobrů
204.text;{combat} - Náhodná karta ve vaší ruce stojí o {faeria|7} méně.
205.name;Brusič seker
205.text;{gift} - Získá +1/+1, pokud je vyvolán vedle nepřátelské studny.
206.name;Vrhač balvanů
206.text;{ranged_attack}\nKdyž zaútočí, poškodí také všechny nepřátele přilehlé k cíli útoku.
211.name;Shedimský surovec
211.text;{combat} - Udělí 2 poškození vašemu protivníkovi.
212.name;Krvavý zpěvák
212.text;Kdykoliv zemře nepřátelská bytost, udělí 1 poškození vašemu protivníkovi.
213.name;Seiferovo krmivo
213.text;{last_words} - Udělí 2 poškození vašemu protivníkovi.
214.name;Plivač plamene
214.text;{gift} - Udelí 1 poškození vybranému nepříteli.
215.name;Pán hrůzy
215.text;Kdykoliv bůh utrpí poškození, přičte se daná hodnota k útoku této bytosti.
216.name;Shedimský škůdce
216.text;{gift} - Získá +2/+2, pokud máte další bytost s větším útokem než životy.
217.name;Krvavý obelisk
217.text;Kdykoliv nepřátelská bytost zemře v boji, udělí 1 poškození vašemu protivníkovi a získáte {faeria|1}.
218.name;Ponurá stráž
218.text;{taunt}\n{combat} - Udělí 2 poškození vašemu protivníkovi.
223.name;Vrhač bomb
223.text;{gift} - Udelí 4 poškození přilehlé nepřátelské bytosti nebo budově.
224.name;Nosič kanónu
224.text;{gift} - Přidá schopnost {ranged_attack} spojenecké bytosti.
225.name;Výbuch plamene
225.text;Udelí 3 poškození.
226.name;Vrhač plamene
226.text;{ranged_attack}\nKdykoliv tato bytost zaútočí na boha, udělí 1 poškození nepřátelským bytostem.
231.name;Sopečný Kolos
231.text;{ranged_attack}\nStojí o {faeria|1} méně za každý tah, během něhož jste udělili poškození protihráči. (minimum: {faeria|5}).
232.name;Garudan, srdce hory
232.text;{flying}, {charge|2}\n{gift} - Udělí 3 poškození všem nepřátelským bytostem.
233.name;Ohnivý elementál
233.text;{gift} - Vytvoříte horu.
234.name;Plamenná hedváběnka
234.text;{flying}\nZíská +3/+1 a vlastnost {ranged_attack} ve chvíli, kdy si poprvé líznete událost.
235.name;Opuštěná věž
235.text;{activate} - Udělí 1 poškození. Udělí 1 poškození i této budově.
236.name;Krvavě žhnoucí bludička
236.text;Získá +2/+1 pokaždé, když zemře nepřátelská bytost.
237.name;Zemětřes
237.text;{gift} - Udělí 1 poškození VŠEM nepřátelům.
238.name;Rozsévač plamene
238.text;Zatímco je ve vaší ruce nebo balíčku, získá +1/+1, pokaždé když vyvoláte bytost s útokem vyšším než životy.
239.name;Sálající salamandr
239.text;{gift} - Udělí 2 poškození všem sousedním nepřátelům.
240.name;Skřítek z krvavých skal
240.text;Udělí nepříteli 1 poškození, kdykoliv spojenecká bytost sklidí faerii z nepřátelské studny.
241.name;Seiferův hněv
241.text;Udělí bytosti 2 poškození. Pokud zemře, udělí 2 poškození tomu, kdo jí ovládá.
242.name;Žravá rostlina
242.text;{taunt}\n{production} - Udělí 2 poškození přilehlým nepřátelským bytostem.
243.name;Ohnivá bomba
243.text;Udělí 4 poškození bytosti nebo budově.
244.name;Ohnivá bouře
244.text;Zvolte si pole. Udělí 3 poškození všem nepřátelským bytostem na daném poli nebo na polích přilehlých.
245.name;Bitevní zuřič
245.text;Je-li této bytosti uděleno poškození, udělí stejné poškození vašemu nepříteli.
246.name;Rozpadající se golem
246.text;Této bytosti je uděleno 1 poškození, kdykoliv nepřítel vyvolá bytost.
247.name;Zlobří tanec
247.text;Náhodná karta ve vaší ruce stojí o {faeria|7} méně.
248.name;Meteor
248.text;Zvolte si pole. Zničí všechny pevniny, bytosti a budovy na daném poli a polích přilehlých.
249.name;Rudý ďábel
249.text;{gift} - Získáte {faeria|5}.
250.name;Ignus, první plamen
250.text;Kdykoliv zvolíte +{faeria|1} z kola moci, náhodně rozdělí 4 poškození mezi neprátele.
251.name;Oradrimský mnich
251.text;{haste}\nLízněte si kartu, kdykoliv zaútočí na boha.
252.name;Khalimova modlitba
252.text;Získáte {faeria|2} a líznete si kartu. Lze zahrát jen pokud jste tento tah zaútočili na boha. Můžete se modlit jen jednou za tah.
253.name;Khalimův stoupenec
253.text;{haste}\nMá +2/+0 proti bohům.
254.name;Oradrimský templář
254.text;{dash|1}\nMá +3/+0 proti bohům.
255.name;Oradrimský střelec
255.text;{ranged_attack}\nZískáte {faeria|1}, kdykoliv spojenecká bytost zaútočí na boha.
256.name;Oradrimský fanatik
256.text;{jump}\n{gift} - Můžete pohnout spojeneckou bytostí.
257.name;Překroucení pouště
257.text;Teleportuje bytost na poušť pod vaší vládou.
258.name;Větrná brána
258.text;Můžete přivolávat bytosti na místa přilehlá k této budově.\n{activate} - Posune Větrnou bránu.
259.name;Zlomyslný duch
259.text;{gift} - Vysajete 2 body života z vašeho protivníka.
260.name;Khalim, zázrak nebes
260.text;{flying}, {charge|2}\nKdyž Khalim zaútočí na boha, přidá do vaší ruky kartu <b>Khalimův Stoupenec</b>. Získaná karta stojí {faeria|0}.
261.name;Vraždící stín
261.text;
262.name;Bolestný ghůl
262.text;{last_words} - Získáte {faeria|2}.
263.name;Poslední noční můra
263.text;Zničí bytost.
264.name;Smlouva za duši
264.text;Udělí vám 2 poškození a získáte {faeria|2}.
265.name;Oltář duší
265.text;{activate} - Udělí vám 2 poškození a přidá do vaší ruky kartu <b>Vraždící stín</b> (6/1). Získaná karta stojí {faeria|2}.
266.name;Shaytanský démon
266.text;{production} - Udělí vám 2 poškození.
267.name;Khalimova nebeská stráž
267.text;{flying}\nMůže bát vyvolán vedle přátelských bytostí.
268.name;Khalimův výcvik
268.text;Přidá bytosti +1/+0 a schopnosti {flying} a {charge|2}.
273.name;Větrný voják
273.text;{haste}, {charge|3}\nVětrný voják na konci tahu zemře.
274.name;Drakkarský nebeský kapitán
274.text;{flying}\nKdykoliv si líznete bytost s vlastností {flying}, přidá jí +1/+1.
275.name;Větrorozený vyslanec
275.text;{flying}\nMá +2/+0 pokud máte jinou létající bytost.
276.name;Shaytanský mrchožrout
276.text;Stojí o {faeria|2} méně, pokud jste tento tah zaútočili na boha.
277.name;Drakón z duny
277.text;{flying}, {charge|2}\nNemůže sklízet faerii.
278.name;Větrorozený šampión
278.text;{flying}, {charge|5}\n{gift} - Posune bytost.
287.name;Větrobouřný kolos
287.text;{dash|3}\nStojí o {faeria|1} méně za každou událost, kterou jste v této hře zahráli (minimum: {faeria|5}).
288.name;Azarai, hněv pouště
288.text;{flying}, {charge|2}\n{gift} - Azarai vysaje 2 body útoku z každé nepřátelské bytosti.
289.name;Vzdušný elementál
289.text;{flying}\n{gift} - Vytvoří poušť
290.name;Sluneční hedváběnka
290.text;{flying}\nZíská +3/+1 a vlastnost {charge|3}, jakmile si líznete první událost.
291.name;Nebeská věž
291.text;{activate} - Přidá bytosti pro tento vlastnost {charge|3} this turn. Udělí 1 poškození této budově.
292.name;Větrná bludička
292.text;{flying}, {charge|3}\nZíská +3/+0, kdykoliv spojenecká bytost zaútočí na boha.
293.name;Záblesk větru
293.text;Move a friendly creature or pay {faeria|2} and move an enemy creature.
294.name;Zlatá voliéra
294.text;Všechny vaše létající bytosti mají +1/+0.
295.name;Fanatický křižák
295.text;{charge|2}\nZatímco je ve vaší ruce nebo balíčku, získá +1/+1 pokaždé, když spojenecká bytost zaútočí na boha.
296.name;Keldranský voják
296.text;
297.name;Pán pustiny
297.text;{gift} - Můžete obětovat jinou bytost a získat tak {faeria|3}.
298.name;Shaytanský vrah
298.text;{deathtouch}\n{gift} - Můžete obětovat jinou bytost a přidat tak této bytosti schopnost {protection}.
299.name;Démoní honák
299.text;{gift} - Můžete obětovat jinou bytost a přivolat na její místo <b>Démoní křídlo</b> (5/2) se schopností {flying}.
300.name;Chodec smrti
300.text;{deathtouch}\nMusíte obětovat jinou bytost, abyste mohli vyvolat tuto.
301.name;Přísaha Zapomnění
301.text;Obětujte bytost. Vyvolá na jejím místě <b>Jezdce zapomnění</b> (6/3, {charge|3}).
302.name;Shaytanská nestvůra
302.text;{charge|2}\nKdykoliv zemře spojenecká bytost, tato bytost získá její útok.
303.name;Iona, všemi milovaná
303.text;{flying}\nNelze na ni zaútočit. Neplatí, pokud Iona získá schopnost Provokace.
304.name;Démoní křídlo
304.text;{flying}
305.name;Jezdec zapomnění
305.text;{charge|3}
306.name;Vysátí duše
306.text;Vysajete z bytosti 2 body života.
307.name;Škrtící písek
307.text;Zníčí bytost s útokem 3 nebo nižším.
308.name;Zkázobrána, dvěře do Zapomnění
308.text;Když má tato budova 13 nebo více životů, zničte ji a přivolejte na jejím místě <b>Ostregotha</b>.\n{activate} - Zničí spojeneckou bytost, líznete si kartu a tato budova získá +0/+2.
309.name;Větrobouřný lučištník
309.text;{ranged_attack}\nKdykoliv zahrajete událost, tato bytost získá pro daný tah +1/+0.
310.name;Větrobouřný nájezdník
310.text;{charge|2}\nKdykoliv zahrajete událost, tato bytost získá pro daný tah +2/+0 (maximálně +6/+0).
311.name;Vrcholový predátor
311.text;{jump}\n{gift} - Získá útok a život rovný libovolné bytosti.
312.name;Ledový Behemot
312.text;{taunt}, {protection}
313.name;Spřízněné duše
313.text;{flying}\nMůže být vyvolána kdekoliv vedle spojenecké bytosti.\n{gift} - Přivolá další <b>Spřízněnou duši</b>.
314.name;Puklinová trnovka
314.text;{dash|2}\n{gift} - Náhodně rozdělí 4 poškození mezi neprátele. Náhodně rozdělí +4/+4 mezi spojence.
315.name;Pojídač duší
315.text;{flying}, {charge|3}\nZatímco je ve vaší ruce nebo balíčku, získává +1/+1 za každou spojeneckou bytost, která za danou hru zemře.
316.name;Planoucí přízrak
316.text;{flying}, {haste}, {charge|2}\n{combat} - Udělí vašemu protivníkovi 3 poškození.
329.name;Bezohledný bandita
329.text;
335.name;Povstalecký vrhač
335.text;{gift} - Udělí vašemu protivníku 2 poškození.
350.name;Tři přání
350.text;Vylečte si 3 životy. Zkopírujete vrchní 3 karty z balíčku svého protivníka. Získané karty stojí o {faeria|1} méně. Nemůžete si přát mít více přání.
351.name;Povstalecký kluzák
351.text;{flying}, {dash|2}\nNemůže sklízet faerii.
352.name;Třpyt, říšská vzducholoď
352.text;{flying}, {dash|3}\nCena Třpytu se rovná vašemu životu.\n{gift} - Získáte 1 život za každou kartu ve své ruce.
353.name;Zakázaná knihovna
353.text;{production} - Líznete si kartu, získáte {faeria|2} a ztratíte 2 životy.
354.name;Plenitel snů
354.text;{dash|3}\n{gift} - Nastaví život boha na 10.
355.name;Krvelačná kodama
355.text;{jump}\nNeumí sklízet faerii.\nVylečte si 5 životů, kdykoliv tato bytost zaútočí na boha.
356.name;Lovec bohů
356.text;{jump}\nMůže útočit jen na bohy.\nNemůže sklízet faerii.
357.name;Krvavá píseň
357.text;Čtyřikrát sníží cenu náhodné karty ve vaší ruce o {faeria|2}. Udělí vám 4 poškození.
358.name;Pekelný oheň
358.text;Náhodně rozdělí 9 poškození mezi nepřátele.
359.name;Soudný den
359.text;Nastaví vaši faerii na {faeria|0}. Zkrátí váš život na polovinu (zaokrouhleno dolů). Zničí VŠECHNY bytosti a budovy. Ukončí tah.
360.name;Otravná havěť
360.text;{flying}\nNemůže sklízet faerii.\n{last_words} - Ztratíte 2 životy a tato bytost se znovu vyvolá na náhodném místě.
361.name;Dlouhorohý jak
361.text;{last_words} - Další bytost, co si líznete, získá útok rovný útoku této bytosti.
362.name;Čas Legend
362.text;Líznete Legendu, která je ve vašem balíčku nejvýše. Pokud takovou v balíčku nemáte, přidá do vaší ruky jednu náhodnou, která bude {wild}.
363.name;Tritonský trenér
363.text;{jump}\n{gift} - Další bytost s vlastností {jump}, kterou vyvoláte, získá +1/+1.
364.name;Hlas pravdy
364.text;{gift} - Můžete obnovit bytosti její původní útok a život.
365.name;Posel války
365.text;{combat} - Další bytost se schopností {combat}, kterou přivoláte, získá +1/+1.
366.name;Průvodce mistrálu
366.text;{flying}\nSpojenecké bytosti přilehlé k této získají vlastnosti {dash|2} a {flying}.
367.name;Božský ochránce
367.text;{divine}\nKdyž by vám mělo být uděleno smrtelné poškození, zabrání mu a zničí místo toho tuto bytost.
368.name;Císařův příkaz
368.text;Zvolené(mu):\n- bytosti: ubere -2/-1\n- budově: udělí 3 poškození.\n- bohu: přidá 4 životy.
369.name;Iluze vznešenosti
369.text;{charge|2}\nKdykoliv přivoláte bytost, která stojí {faeria|1} nebo méně, získá její útok a život (zatímco je ve vašem balíčku nebo ruce).
370.name;Stopař z hlubin lesa
370.text;{gift} - Může zaútočit na libovolnou nepřátelskou bytost.
371.name;Krogova večeře
371.text;Váš Krog stojí o {faeria|7} méně. Když jej vyvoláte, zničte tuto bytost.\n{gift} - Pokud Krog zemřel nebo jej máte v balíčku, líznete si jej.
372.name;Ionin úsměv
372.text;Líznete dvě bytosti s vlastností {flying}, které jsou ve vašem balíčku nejvýše.
403.name;Temný krystal
403.text;Vysajete 4 životy z vašeho protivníka, udělí 3 poškození všem nepřátelským jednotkám a líznete si 2 karty.
404.name;Válečný roh jaků
404.text;Vyvolá tři <b>Rozhněvané stepní jaky</b> (2/4) a přidá jim vlastnost {haste}.
405.name;Hvězdná zbraň
405.text;{flying}\n{gift} - Zničí všechny přilehlé bytosti, budovy a pevniny.
406.name;Okarína
406.text;Po tomto tahu hrajte ještě jednou.
407.name;Džinova lampa
407.text;{options|Přidat do vaší ruky 3 náhodné zelené karty. Získané karty budou stát o {faeria|3} méně|Přidat do vaší ruky 3 náhodné modré karty. Získané karty budou stát o {faeria|3} méně|Přidat do vaší ruky 3 náhodné červené karty. Získané karty budou stát o {faeria|3} méně|Přidat do vaší ruky 3 náhodné žluté karty. Získané karty budou stát o {faeria|3} méně}\nVyberte barvu. Přidá do vaší ruky 3 náhodné karty té barvy. Získané karty stojí o {faeria|3} méně.
408.name;Urna Gabrie
408.text;Líznete si 2 karty a získáte {faeria|2}.
409.name;Ionino zrcadlo
409.text;Přidá dvě kopie posledního <b>pokladu</b>, který váš protivník zahrál.
410.name;Golem z krvavých skal
410.text;{production} - Doplňte studny faerie.\nKdykoliv je sklizena faerie, udělí 1 poškození nepříteli.
411.name;Kalich z paláce
411.text;Náhodně mezi spojeneckými bytostmi rozdělí +6/+6.
412.name;Eredonův buben
412.text;Přidá všem vašim bytostem +2/+2, ať jsou kdekoliv.
413.name;Stroj na mraky
413.text;Přátelské bytosti mají +1/+0 a vlastnosti {flying} a {jump}.
414.name;Prsten nadvlády
414.text;{options|Získat vládu na pevninou a přetvořit ji v les.|Získat vládu na pevninou a přetvořit ji v jezero.|Získat vládu na pevninou a přetvořit ji v horu.|Získat vládu na pevninou a přetvořit ji v poušť.}\nZískáte vládu nad pevninou a přetvoříte ji na barvu vašeho výběru.
415.name;Slza světa
415.text;Přetvoří bytost, co tento tah zaútočila na boha, na <b>Polykače nebes</b> (10/10) se schopností {flying}.
416.name;Mechanický jak
416.text;{dash|2}
417.name;Automaton rovnodennosti
417.text;{gift} - Vylečte si 6 životů.\n{last_words} - Udělí 6 poškození vašemu nepříteli.
418.name;Magdina růže
418.text;Získáte vládu nad nepřátelskou bytostí.
419.name;Aurořina konvice na čaj
419.text;Změní všechny spojenecké bytosti na 6/6.
420.name;Kámen poctivého bohatství
420.text;Přidá do vašeho balíčku 3 náhodné <b>poklady</b>.
421.name;Tajemství síly
421.text;Přidá zvolené bytosti +4/+4 a vlastnosti {flying} a {charge|3}.
422.name;Prázdný ochránce
422.text;{gift} - Zničí váš balíček.
423.name;Krystalový drak
423.text;{flying}, {charge|3}
424.name;Rubín vzplanutí
424.text;{options|Udělit 3 poškození.|Udělit 3 poškození všemu.}\n- Udělí 3 poškození.\n- Udělí 3 poškození všemu.
425.name;Kladivo zkázy
425.text;Udělí 5 poškození. Přidá <b>Kladivo zkázy</b> do vašeho balíčku.
426.name;Zeměohnivý otřes
426.text;{gift} - Udělí 2 poškození všem nepřátelům a za každého takto zničeného získá +2/+2.
427.name;Touha smrti
427.text;Zničí bytost. Její majitel získá {faeria|1} rovnou její ceně a lízne si 2 karty.
428.name;Blesk v láhvi
428.text;Udělí 6 poškození bytosti a 3 poškození všem přilehlým nepřátelům.
429.name;Tančící čepel
429.text;{flying}, {jump}\nNa konci vašeho tahu udělí 3 poškození všem přilehlým nepřátelům.
430.name;Kosa zkázy
430.text;Zničí bytost. Přivolá na jejím místě <b>Vraždící Stín</b> (6/1).
431.name;Vyzdobená straka
431.text;{flying}, {haste}\nPřidá do vaší ruky náhodný <b>Poklad</b>, kdykoliv zaútočí na boha.
432.name;Kolo chaosu
432.text;{options|Zničit 2 neobsazené pevniny|Zničit bytost s útokem 5 nebo méně.|Získat 7 životů.}\n- Zničí 2 neobsazené pevniny.\n- Zničí bytost s útokem 5 nebo méně.\n- Získáte 7 životů.
433.name;Ulanin medailonek
433.text;Zvolte si přátelskou bytost. Všechny vaše bytosti se stanou kopií její základní podoby.
500.name;Opičí génius
500.text;{taunt}\n{gift} - V soupeřově příštím tahu získá +2/+2 pokaždé, když nepřátelská bytost sklidí faerii.
501.name;Neohrožený průzkumník
501.text;{gift} - Přidá kartu <b>Průzkum</b> do ruky každého hráče.
502.name;Krystalová květina
502.text;{gift} - {swallow} bytost.\nNa konci každého vašeho tahu udělí této budově 1 poškození.
503.name;Jakapult
503.text;{ranged_attack}\nKdykoliv zaútočí, vyvolejte na náhodném místě vedle cíle <b>Zuřivého jaka</b> (2/2).
504.name;Goki, přátelský horník
504.text;{gift} - Přidá náhodný <b>Poklad</b> do ruky vašeho spojence.
505.name;Mobie, nebeská velryba
505.text;{flying}, {charge|3}\nNemůže sklízet Faerii.\n{gift} - {swallow} bytost.
506.name;Nafukovací ryba
506.text;{flying}, {dash|2}\n{gift} - {swallow} přátelskou bytost. Pokud to nejde, ihned zemře.
507.name;Císař Kaios
507.text;{production} - Ubere všem nepřátelským bytostem -1/-0. Poté zničí všechny nepřátelské bytosti s útokem 0.
508.name;Semínko ráje
508.text;{flying}, {dash|1}\n{gift} - {options|Když tato bytost sklízí nad oceánem, zemře a změní se v les.|Když tato bytost sklízí nad oceánem, zemře a změní se v jezero.|Když tato bytost sklízí nad oceánem, zemře a změní se v horu.|Když tato bytost sklízí nad oceánem, zemře a změní se v poušť.}\nKdyž tato bytost sklízí faerii, zatímco stojí na volném poli, zemře a změní se ve vybraný typ pevniny.\n
509.name;Strom Nesmrtelna
509.text;{production} - Získáte 7 životů.\nPřidá náhodné bytosti ve vaší ruce +7/+7.
510.name;Rakoanský dar
510.text;Zvolená bytost získá +1/+1 za každou přátelskou bytost ve hře.
511.name;Zvědavý biomant
511.text;{gift} - Líznete si ze svého balíčku 1 bytost (ne modrou) za každou nepřátelskou bytost ve hře.
512.name;Fugoro, obchodník se zázraky
512.text;{jump}\n{gift} - {options|Líznete si <b>Urnu Gabrie</b>|Líznete si <b>Krystalového draka</b>|Líznete si <b>Ulanin medailonek</b>}\n- Líznout <b>Urnu Gabrie</b>\n- Líznout <b>Krystalového draka</b>\n- Líznout <b>Ulanin medailonek</b>
513.name;Skákající fugu
513.text;{jump}\n{gift} - Má +3/+3, pokud ovládáte alespoň 8 speciálních pevnin.
514.name;Cestovní hák
514.text;Zvolená bytost získá pro tento tah schopnost {ranged_attack}. Poté, co zaútočí, ji smíte přesunout na pole přilehlé k cíli.
515.name;Rakoanský buřič
515.text;{last_words} - Získejte {faeria|1} rovnou útoku této bytosti.
516.name;CAP-10, pirát nebes
516.text;{combat} - Líznete si z balíčku kartu <b>Dar z oceli</b>. Pokud v něm žádná není, jednu do něho zamíchejte.
517.name;Bleskový losos
517.text;{divine}, {flying}, {haste}, {charge|2}\nNemůže sklízet faerii.\nNa konci tahu zničte tuto bytost a lízněte si kartu.
518.name;Jezdec na mantě
518.text;{flying}\n{last_words} - Pokid tato bytost zemře, vyvolejte na jejím místě 2/2 <b>Mantu</b> se schopnostmi {flying} a {charge|2} .
519.name;Istanu, večné světlo
519.text;{flying}, {charge|3}\n{last_words} - Z náhodné přátelské bytosti se stane nová <b>Istanu</b>.
520.name;Měňavice
520.text;{options|Získá +2/+0.|Získá +0/+2.|Získá schopnost {jump}.|Získá schoponost {taunt}.}, twice:\n- Získá +2/+0\n- Získá +0/+2\n- Získá schopnost {jump}\n- Získá schopnost {taunt}
521.name;Vrhač žab
521.text;{gift} - Zaútočí na libovolnou nepřátelskou bytost. Na náhodném místě vedle cíle vyvolá <b>Žábu</b> (2/2) se schopností {jump}.
522.name;Cesta do ráje
522.text;{options|Vytvoří les.|Vytvoří jezero.|Vytvoří horu.|Vytvoří poušť.} - Vytvoří speciální pevninu.\nPrvní bytost, která na ní bude vyvolána v tomto tahu, získá +2/+0.
523.name;Smaragdový salamandr
523.text;{gift} - Udělí 2 poškození přilehlým nepřátelským bytostem. Dá přilehlým přátelským bytostem +2/+2.
524.name;Nebeský mečoun
524.text;{flying}, {taunt}, {dash|1}
525.name;Hejno karasů
525.text;{flying}\nMůže být vyvoláno vedle spojeneckých bytostí.\n{gift} - Vyvolá další <b>Hejno karasů</b> za každé spojenecké, které v této hře zemřelo.
526.name;Ochránce snů
526.text;{taunt}\n{gift} - Sníží cenu všech karet ve vaší ruce o {faeria|1}, poté je zamíchá do vašeho balíčku a doberete si zpět stejný počet nových.
527.name;Zdobná želva
527.text;{gift} - Líznete si kartu a její kopii. Stojí o {faeria|2} méně.
528.name;Mantí let
528.text;Když si líznete tuto kartu, získáte její kopii.\nVyvolejte <b>Mantu</b> (2/2) se schopnostmi {flying} a {charge|2}.
529.name;Zánebská tažná loď
529.text;{flying}, {dash|1}\nKdykoliv by měla opustit pevninu, vezme ji tato bytost s sebou.
530.name;Rakoanský náčelník
530.text;{dash|1}\nPřilehlé spojenecké bytosti mají +1/+0.
531.name;Nebeská sasanka
531.text;{flying}, {taunt}\nMůže být vyvolána kdekoliv.
532.name;Ulani, šamanka ze Zánebí
532.text;{gift} - Líznete si zelenou, modrou, červenou a žlutou kartu ze svého balíčku.
601.name;Laya, Paní smutku
601.text;{deathtouch}\n{last_words} - Vyvolá na Layině místě <b>Třpytivou sochu</b>.
602.name;Říšský drakonýr
602.text;{flying}, {charge|2}\n{corrupt} - Získá +2/+2.
603.name;Vyšinutá opice
603.text;{gift} - Vyprázdní všechny studny faerie a za každou získá +1/+1.
604.name;Říšský voják
604.text;{corrupt} - Ovládne toto území.
605.name;Zbloudilý průzkumník
605.text;{corrupt} - Líznete si kartu a získáte {faeria|1}.
606.name;Rytíř morové čepele
606.text;Poškození udělené této bytosti je zároveň uděleno vám.
607.name;Stínová hedváběnka
607.text;{flying}, {charge|2}, {protection}\n{corrupt} - Líznete si ze svého balíčku 2 události.
608.name;Kaios, Zkažená mysl
608.text;{divine}\nKaiosův útok se vždy rovná jeho životu.\n{corrupt} - Vysaje 1 život ze VŠEHO.
609.name;Rybí přeháňka
609.text;Vyvolá na náhodných polích 6 <b>Rubínových rybek</b>. Každá rybka, která dopadne na pevninu, udělí 1 poškození přilehlým nepřátelům.
610.name;Létající piraňa
610.text;{flying}\nPokud zemře přilehlá bytost, získá tato {deathtouch} a {jump}.
611.name;Zrůdná hydra
611.text;{corrupt} - Vyvolá na všech přilehlých polích <b>Hlavy hydry</b> (2/1 s vlastností {haste}). Na konci tahu zemřou.
612.name;Posedlá vrba
612.text;{taunt}
613.name;Rozpadající se kanec
613.text;{dash|1}\n{corrupt} - Líznete si bytost s alespoň 5 životy, která je ve vašem balíčku nejvýše, a získá +2/+2.
614.name;Nekomata
614.text;{taunt}\n{corrupt} - Zdvojnásobí útok této bytosti.
615.name;Baldurion, Zlý mistr kovář
615.text;{protection}\n{corrupt} - Přidá do vaší ruky <B>Kladivo zkázy</b>.
616.name;Vzpurný skřítek
616.text;{last_words} - Udělí vám 2 poškození.
617.name;Spoušť
617.text;Udělí 9 poškození nepřátelské bytosti nebo budově.
618.name;Démonický losos
618.text;{haste}, {flying}, {charge|2}\nNemůže sklízet faerii.\nKdykoliv zaútočí na boha, získá +1/+1.
619.name;Krádež ducha
619.text;Vysajete 1 život z nepřátelské bytosti. Pokud ji to zabije, přidá do vaší ruky její kopii. Tato kopie je {wild}.
620.name;Solem
620.text;{flying}, {divine}\n{corrupt} - Zničí studnu.
622.name;Matka všech jaků
622.text;{gift} - Na přilehlých místech vyvolá 2 <b>Jačí stráže</b> (4/4 , vlastnosti {taunt} a {flying}).\nStojí o {faeria|1} méně za každého spojeneckého jaka, který za tuto hru zemřel.
623.name;Rakoanský šampion
623.text;{dash|2}\n{gift} - Získá +1/+1 za každého dalšího spojeneckého Rakoana ve hře.
624.name;Osiřelé fugu
624.text;Má +2/+0 a vlastnost {jump}, pokud ovládáte další šelmu.
625.name;Rapala, cáklá ryba
625.text;{aquatic}\n{gift} - Zaplní soupeřovu ruku <b>Rubínovými rybkami</b>. Hňup jeden.
626.name;Safírový jak
626.text;Kdykoliv spojenecký jak sklidí faerii z nepřátelské studny, přidá mu +2/+2.
627.name;Uštvat
627.text;Přidá spojenecké šelmě +2/+0. Ta poté zaútočí na zvolenou nepřátelskou bytost.
628.name;Smaragdový jak
628.text;{gift} - Vyvolá <b>Jačátko</b> (1/1 s vlastnostmi {taunt} a <b>Nemůže sklízet faerii</b>) na vámi ovládané prérii.
629.name;Majinata, duch Nesmrtelna
629.text;{protection}, {divine}\n{gift} - Spojenecká bytost ji spolkne a získá +5/+5 a vlastnosti {flying} a {charge|2}.
630.name;Magmatický axolotl
630.text;
640.name;Rakoakoptéra
640.text;{flying}, {dash|1}\n{gift} - Udělí 2 poškození přilehlým nepřátelským bytostem.
641.name;Rubínový jak
641.text;Kdykoliv spojenecký jak utrpí poškození, je 1 poškození uděleno protihráči.
642.name;Dračí duch
642.text;{flying}, {charge|2}, {protection}
643.name;Perutýn
643.text;{flying}, {deathtouch}
644.name;Topazový jak
644.text;Lze jej vyvolat vedle spojeneckých jaků. V takovém případě získá vlastnost {haste}.
645.name;Rakoanský válečný stoj
645.text;{charge|2}\n{gift} - Pokud chcete, {swallow} spojeneckého rakoana a získá +2/+0.
646.name;Rakoanský kanón
646.text;{gift} - Můžete obětovat jiného Rakoana, abyste udělili 3 poškození.
647.name;Rakoanský kejklíř
647.text;{gift} - Můžete přeměnit jiného přátelského rakoana na <b>Drakóna z duny</b> (4/4, {flying}, {charge|2} ) do začátku vašeho příštího tahu.
648.name;Rakoanské štíty
648.text;{last_words} - Na místě, kde zemřou, vyvolají Rakoana (1/1).
649.name;Rakoanský vojevůdce
649.text;{combat} - Přidá náhodnému Rakoanovi ve vaší ruce +1/+1.
650.name;Rakoanský verbíř
650.text;{gift} - Přidá do vaší ruky Rakoana (1/1). Stojí {faeria|0}.
652.name;Zotročený kněží
652.text;Kdykoliv bytost pod vaší nadvládou aktivuje vlastnost {corrupt}, vysajete 2 body života ze svého protivníka.
653.name;Věž kleteb
653.text;{activate} - Ubere zvolené bytosti -1/-1. Udělí 1 poškození této budově.
654.name;Shozen, Požírač nebes
654.text;{flying}, {charge|3}\nPoprvé, kdy by Shozen zničil v souboji bytost, ji namísto toho spolkne a převezme nad ní kontrolu.
655.name;Říšská základna
655.text;Všechny spojenecké neutrální bytosti mají +1/+0.
656.name;Smrtící salva
656.text;Udělí bytosti 2 poškození. 5, pokud má tato bytost vlastnost {flying}.
657.name;Gagana, Duhová ptakoloď
657.text;{flying}\nKarty ve vaší ruce mají vlastnost {wild}.\n{gift} - Přidá do vaší ruky náhodného člena gaganské posádky. Ten bude stát {faeria|0}.
658.name;Třpyt, postrach Zánebí
658.text;{flying}\n{gift} - V příštím tahu se nepřátelské bytosti nemohou pohybovat ani útočit.
659.name;Těkavý hroch
659.text;{combat} - Udělí 2 poškození všem přilehlým nepřátelům.
660.name;Krotitel šelem
660.text;{gift} - Sníží cenu náhodné šelmy ve vaší ruce o {faeria|5}.
661.name;Pašerácký kobold
661.text;{corrupt} - Vyvolá na náhodném přilehlém místě Seiferovo krmivo (4/3).
662.name;Hněv Ignův
662.text;Udělí 4 poškození náhodně rozdělené mezi nepřátele. \nZatímco je ve vaší ruce nebo balíčku, sníží se jeho cena o {faeria|1} pokaždé, když z kola moci zvolíte +{faeria|1}.
663.name;Uctívač Ignuse
663.text;{gift} - Smíte znovu použít kolo moci.\n{corrupt} - Smíte znovu použít kolo moci.
664.name;Topič
664.text;Kdykoliv si v kole moci zvolíte +{faeria|1}, získá Topič +1/+1.
665.name;Havěť ze Zkáznebí
665.text;{gift} - Zaútočí na vašeho protihráče.
666.name;Odporná zbobtnalice
666.text;{flying}\n{corrupt} - Přidá do vaší ruky <b>Odpornou zbobtnalici</b>.
667.name;Zjevení moru
667.text;{charge|2}\n{production} - Získá +1/+1, pokud má váš nepřítel v ruce 4 nebo více karet.
668.name;Přízračný prášil
668.text;{corrupt} - Zvýší cenu všech karet v soupeřově ruce o {faeria|1}.
669.name;Sup ze Zkáznebí
669.text;{flying}\n{gift} - Zničí bytost s 1 životem a vysaje její útok.
670.name;Posedlá schránka
670.text;{production} - Pokud má váš protivník v ruce 4 či více karet, líznete si 1 kartu a vysajete ze svého protivníka 1 život.
671.name;Hromový úhoř
671.text;{flying}\n{gift} - Udělí bytosti 2 poškození. Pokud je ona bytost na oceánu, udělí jí 4.
